Nombre,Apellido,Teléfono,Correo
Manuel,Cuenca,946071075,805manuel353gmail.es
Alfredo,Piera,956296664,850alfredo471hotmail.com
Carlos,Heredia,997138228,385carlos806gmail.com
Carlos,Saéz,956226803,555carlos58gmail.com
María,Guillem,941854382,664maría436live.com
Liam,Maynero,965413072,901liam37gmail.es
Manuel,Piera,906621559,194manuel52yahoo.es
María,García,948547688,387maría629zoho.com
Alicia,García,995277904,917alicia221zoho.com
Kathe,Verdejo,979458657,226kathe528mail.com
Carol,Piera,912177164,763carol346hotmail.com
Carlos,Heredia,932911498,713carlos130gmail.com
Valeria,Verdejo,904626552,689valeria881live.com
